role_applied,avg_time_to_hire,hired_count
HR Manager,31.05263157894737,38
Marketing Specialist,29.576923076923077,26
Software Engineer,29.296296296296298,27
Sales Executive,28.85,20
Data Scientist,28.774193548387096,31
Product Manager,27.75862068965517,29
